campeonato,temporada,categoria,ronda,evento,fecha_inicio,fecha,circuito,sede,fuente,consultado
F1,2026,Fórmula 1,1,Australian Grand Prix,2026-03-06,2026-03-08,albert_park,,https://api.jolpi.ca/ergast/f1/2026/races/,2026-09-24
F1,2026,Fórmula 1,2,Chinese Grand Prix,2026-03-13,2026-03-15,shanghai,,https://api.jolpi.ca/ergast/f1/2026/races/,2026-09-24
F1,2026,Fórmula 1,3,Japanese Grand Prix,2026-03-27,2026-03-29,suzuka,,https://api.jolpi.ca/ergast/f1/2026/races/,2026-09-24
F1,2026,Fórmula 1,4,Miami Grand Prix,2026-05-01,2026-05-03,miami,,https://api.jolpi.ca/ergast/f1/2026/races/,2026-09-24
F1,2026,Fórmula 1,5,Canadian Grand Prix,2026-05-22,2026-05-24,villeneuve,,https://api.jolpi.ca/ergast/f1/2026/races/,2026-09-24
F1,2026,Fórmula 1,6,Monaco Grand Prix,2026-06-05,2026-06-07,monaco,,https://api.jolpi.ca/ergast/f1/2026/races/,2026-09-24
F1,2026,Fórmula 1,7,Barcelona Grand Prix,2026-06-12,2026-06-14,catalunya,,https://api.jolpi.ca/ergast/f1/2026/races/,2026-09-24
F1,2026,Fórmula 1,8,Austrian Grand Prix,2026-06-26,2026-06-28,red_bull_ring,,https://api.jolpi.ca/ergast/f1/2026/races/,2026-09-24
F1,2026,Fórmula 1,9,British Grand Prix,2026-07-03,2026-07-05,silverstone,,https://api.jolpi.ca/ergast/f1/2026/races/,2026-09-24
F1,2026,Fórmula 1,10,Belgian Grand Prix,2026-07-17,2026-07-19,spa,,https://api.jolpi.ca/ergast/f1/2026/races/,2026-09-24
F1,2026,Fórmula 1,11,Hungarian Grand Prix,2026-07-24,2026-07-26,hungaroring,,https://api.jolpi.ca/ergast/f1/2026/races/,2026-09-24
F1,2026,Fórmula 1,12,Dutch Grand Prix,2026-08-21,2026-08-23,zandvoort,,https://api.jolpi.ca/ergast/f1/2026/races/,2026-09-24
F1,2026,Fórmula 1,13,Italian Grand Prix,2026-09-04,2026-09-06,monza,,https://api.jolpi.ca/ergast/f1/2026/races/,2026-09-24
F1,2026,Fórmula 1,14,Spanish Grand Prix,2026-09-11,2026-09-13,madring,,https://api.jolpi.ca/ergast/f1/2026/races/,2026-09-24
F1,2026,Fórmula 1,15,Azerbaijan Grand Prix,2026-09-24,2026-09-26,baku,,https://api.jolpi.ca/ergast/f1/2026/races/,2026-09-24
F1,2026,Fórmula 1,16,Bahrain Grand Prix in Malaysia,2026-10-02,2026-10-04,sepang,,https://api.jolpi.ca/ergast/f1/2026/races/,2026-09-24
F1,2026,Fórmula 1,17,Singapore Grand Prix,2026-10-09,2026-10-11,marina_bay,,https://api.jolpi.ca/ergast/f1/2026/races/,2026-09-24
F1,2026,Fórmula 1,18,United States Grand Prix,2026-10-23,2026-10-25,americas,,https://api.jolpi.ca/ergast/f1/2026/races/,2026-09-24
F1,2026,Fórmula 1,19,Mexico City Grand Prix,2026-10-30,2026-11-01,rodriguez,,https://api.jolpi.ca/ergast/f1/2026/races/,2026-09-24
F1,2026,Fórmula 1,20,Brazilian Grand Prix,2026-11-06,2026-11-08,interlagos,,https://api.jolpi.ca/ergast/f1/2026/races/,2026-09-24
F1,2026,Fórmula 1,21,Las Vegas Grand Prix,2026-11-19,2026-11-21,vegas,,https://api.jolpi.ca/ergast/f1/2026/races/,2026-09-24
F1,2026,Fórmula 1,22,Qatar Grand Prix,2026-11-27,2026-11-29,losail,,https://api.jolpi.ca/ergast/f1/2026/races/,2026-09-24
F1,2026,Fórmula 1,23,Abu Dhabi Grand Prix,2026-12-04,2026-12-06,yas_marina,,https://api.jolpi.ca/ergast/f1/2026/races/,2026-09-24
F1,2026,Fórmula 2,1,Australian Grand Prix,2026-03-06,2026-03-08,albert_park,,https://www.fiaformula2.com/en/racing/2026/melbourne,2026-09-24
F1,2026,Fórmula 2,2,Miami Grand Prix,2026-05-01,2026-05-03,miami,,https://www.fiaformula2.com/en/racing/2026/miami-gardens,2026-09-24
F1,2026,Fórmula 2,3,Canadian Grand Prix,2026-05-22,2026-05-24,villeneuve,,https://www.fiaformula2.com/en/racing/2026/montreal,2026-09-24
F1,2026,Fórmula 2,4,Monaco Grand Prix,2026-06-04,2026-06-07,monaco,,https://www.fiaformula2.com/en/racing/2026/monte-carlo,2026-09-24
F1,2026,Fórmula 2,5,Barcelona Grand Prix,2026-06-12,2026-06-14,catalunya,,https://www.fiaformula2.com/en/racing/2026/barcelona,2026-09-24
F1,2026,Fórmula 2,6,Austrian Grand Prix,2026-06-26,2026-06-28,red_bull_ring,,https://www.fiaformula2.com/en/racing/2026/spielberg,2026-09-24
F1,2026,Fórmula 2,7,British Grand Prix,2026-07-03,2026-07-05,silverstone,,https://www.fiaformula2.com/en/racing/2026/silverstone,2026-09-24
F1,2026,Fórmula 2,8,Belgian Grand Prix,2026-07-17,2026-07-19,spa,,https://www.fiaformula2.com/en/racing/2026/spa-francorchamps,2026-09-24
F1,2026,Fórmula 2,9,Hungarian Grand Prix,2026-07-24,2026-07-26,hungaroring,,https://www.fiaformula2.com/en/racing/2026/budapest,2026-09-24
F1,2026,Fórmula 2,10,Italian Grand Prix,2026-09-04,2026-09-06,monza,,https://www.fiaformula2.com/en/racing/2026/monza,2026-09-24
F1,2026,Fórmula 2,11,Spanish Grand Prix,2026-09-11,2026-09-13,madring,,https://www.fiaformula2.com/en/racing/2026/madrid,2026-09-24
F1,2026,Fórmula 2,12,Azerbaijan Grand Prix,2026-09-24,2026-09-26,baku,,https://www.fiaformula2.com/en/racing/2026/baku,2026-09-24
F1,2026,Fórmula 2,13,Qatar Grand Prix,2026-11-27,2026-11-29,losail,,https://www.fiaformula2.com/en/racing/2026/lusail,2026-09-24
F1,2026,Fórmula 2,14,Abu Dhabi Grand Prix,2026-12-04,2026-12-06,yas_marina,,https://www.fiaformula2.com/en/racing/2026/yas-marina,2026-09-24
F1,2026,Fórmula 3,1,Australian Grand Prix,2026-03-06,2026-03-08,albert_park,,https://www.fiaformula3.com/en/racing/2026/melbourne,2026-09-24
F1,2026,Fórmula 3,2,Monaco Grand Prix,2026-06-04,2026-06-07,monaco,,https://www.fiaformula3.com/en/racing/2026/monte-carlo,2026-09-24
F1,2026,Fórmula 3,3,Barcelona Grand Prix,2026-06-12,2026-06-14,catalunya,,https://www.fiaformula3.com/en/racing/2026/barcelona,2026-09-24
F1,2026,Fórmula 3,4,Austrian Grand Prix,2026-06-26,2026-06-28,red_bull_ring,,https://www.fiaformula3.com/en/racing/2026/spielberg,2026-09-24
F1,2026,Fórmula 3,5,British Grand Prix,2026-07-03,2026-07-05,silverstone,,https://www.fiaformula3.com/en/racing/2026/silverstone,2026-09-24
F1,2026,Fórmula 3,6,Belgian Grand Prix,2026-07-17,2026-07-19,spa,,https://www.fiaformula3.com/en/racing/2026/spa-francorchamps,2026-09-24
F1,2026,Fórmula 3,7,Hungarian Grand Prix,2026-07-24,2026-07-26,hungaroring,,https://www.fiaformula3.com/en/racing/2026/budapest,2026-09-24
F1,2026,Fórmula 3,8,Italian Grand Prix,2026-09-04,2026-09-06,monza,,https://www.fiaformula3.com/en/racing/2026/monza,2026-09-24
F1,2026,Fórmula 3,9,Spanish Grand Prix,2026-09-11,2026-09-13,madring,,https://www.fiaformula3.com/en/racing/2026/madrid,2026-09-24
F1,2026,F1 Academy,1,Chinese Grand Prix,2026-03-13,2026-03-15,shanghai,,https://www.f1academy.com/Racing-Series/Results?raceid=22,2026-09-24
F1,2026,F1 Academy,2,Canadian Grand Prix,2026-05-22,2026-05-24,villeneuve,,https://www.f1academy.com/Racing-Series/Results?raceid=24,2026-09-24
F1,2026,F1 Academy,3,British Grand Prix,2026-07-03,2026-07-05,silverstone,,https://www.f1academy.com/Racing-Series/Results?raceid=25,2026-09-24
F1,2026,F1 Academy,4,Dutch Grand Prix,2026-08-21,2026-08-23,zandvoort,,https://www.f1academy.com/Racing-Series/Results?raceid=26,2026-09-24
F1,2026,F1 Academy,5,United States Grand Prix,2026-10-22,2026-10-25,americas,,https://www.f1academy.com/Racing-Series/Results?raceid=27,2026-09-24
F1,2026,F1 Academy,6,Las Vegas Grand Prix,2026-11-19,2026-11-21,vegas,,https://www.f1academy.com/Racing-Series/Results?raceid=28,2026-09-24
