campeonato,temporada,categoria,ronda,evento,fecha_inicio,fecha,circuito,sede,fuente,consultado
WEC,2026,Hypercar,1,6 Hours of Imola,2026-04-17,2026-04-19,imola,,https://www.fiawec.com/en/race/6-hours-of-imola-2026,2026-09-24
WEC,2026,Hypercar,2,6 Hours of Spa-Francorchamps,2026-05-07,2026-05-09,spa,,https://www.fiawec.com/en/race/totalenergies-6-hours-of-spa-francorchamps-2026,2026-09-24
WEC,2026,Hypercar,3,24 Hours of Le Mans,2026-06-10,2026-06-13,le_mans,,https://www.fiawec.com/en/race/24-hours-of-le-mans-2026,2026-09-24
WEC,2026,Hypercar,4,6 Hours of São Paulo,2026-07-10,2026-07-12,interlagos,,https://www.fiawec.com/en/race/rolex-6-hours-of-sao-paulo-2026,2026-09-24
WEC,2026,Hypercar,5,Lone Star Le Mans,2026-09-04,2026-09-06,americas,,https://www.fiawec.com/en/race/lone-star-le-mans-2026,2026-09-24
WEC,2026,Hypercar,6,6 Hours of Fuji,2026-09-25,2026-09-27,fuji,,https://www.fiawec.com/en/race/6-hours-of-fuji-2026,2026-09-24
WEC,2026,Hypercar,7,6 Hours of Barcelona,2026-10-16,2026-10-18,catalunya,,https://www.fiawec.com/en/race/6-hours-of-barcelona-2026,2026-09-24
WEC,2026,Hypercar,8,6 Hours of Monza,2026-11-06,2026-11-08,monza,,https://www.fiawec.com/en/race/6-hours-of-monza-2026,2026-09-24
WEC,2026,LMGT3,1,6 Hours of Imola,2026-04-17,2026-04-19,imola,,https://www.fiawec.com/en/race/6-hours-of-imola-2026,2026-09-24
WEC,2026,LMGT3,2,6 Hours of Spa-Francorchamps,2026-05-07,2026-05-09,spa,,https://www.fiawec.com/en/race/totalenergies-6-hours-of-spa-francorchamps-2026,2026-09-24
WEC,2026,LMGT3,3,24 Hours of Le Mans,2026-06-10,2026-06-13,le_mans,,https://www.fiawec.com/en/race/24-hours-of-le-mans-2026,2026-09-24
WEC,2026,LMGT3,4,6 Hours of São Paulo,2026-07-10,2026-07-12,interlagos,,https://www.fiawec.com/en/race/rolex-6-hours-of-sao-paulo-2026,2026-09-24
WEC,2026,LMGT3,5,Lone Star Le Mans,2026-09-04,2026-09-06,americas,,https://www.fiawec.com/en/race/lone-star-le-mans-2026,2026-09-24
WEC,2026,LMGT3,6,6 Hours of Fuji,2026-09-25,2026-09-27,fuji,,https://www.fiawec.com/en/race/6-hours-of-fuji-2026,2026-09-24
WEC,2026,LMGT3,7,6 Hours of Barcelona,2026-10-16,2026-10-18,catalunya,,https://www.fiawec.com/en/race/6-hours-of-barcelona-2026,2026-09-24
WEC,2026,LMGT3,8,6 Hours of Monza,2026-11-06,2026-11-08,monza,,https://www.fiawec.com/en/race/6-hours-of-monza-2026,2026-09-24
