campeonato,temporada,categoria,fuente,parametro,notas
F1,2026,Fórmula 1,jolpica-f1,,"Jolpica (sucesora de Ergast), CC BY-NC-SA: uso no comercial con atribución (la app muestra el crédito)"
F1,2026,Fórmula 2,fiaformula2-web,,"Páginas públicas de fiaformula2.com (tabla + resultados de cada fecha para número y equipo), decisión 2026-09-27; la app muestra el crédito"
F1,2026,Fórmula 3,fiaformula3-web,,"Páginas públicas de fiaformula3.com (mismo sistema que F2), decisión 2026-09-27; la app muestra el crédito"
FE,2025-26,Fórmula E,formulae-web,,"Páginas públicas de fiaformulae.com (calendario, tabla con puntos por fecha y parrilla para el número; su API tiene el certificado vencido), decisión 2026-09-27; la app muestra el crédito"
FE,2026-27,Fórmula E,formulae-web,,"Páginas públicas de fiaformulae.com; «aún no» hasta que el sitio publique la tabla de la temporada 13"
NASCAR,2026,Cup Series,nascar-feed,1,"JSON públicos de cf.nascar.com (los que descarga la página de standings; www.nascar.com bloquea la lectura automática), decisión 2026-09-27"
NASCAR,2026,O'Reilly Auto Parts Series,nascar-feed,2,"JSON públicos de cf.nascar.com, serie 2"
NASCAR,2026,Craftsman Truck Series,nascar-feed,3,"JSON públicos de cf.nascar.com, serie 3"
WEC,2026,Hypercar,fiawec-web,hypercar,"Página pública de clasificaciones de fiawec.com: campeonato de PILOTOS de la clase (decisión 2026-09-27)"
WEC,2026,LMGT3,fiawec-web,lmgt3,"Página pública de clasificaciones de fiawec.com: FIA Endurance Trophy for LMGT3 Drivers"
WRC,2026,WRC,wrc-feed,wrc,"JSON públicos que descarga la página de standings de wrc.com (p-p.redbull.com, sin llave ni reto), decisión 2026-09-27; número y equipo de la inscripción más reciente"
WRC,2026,WRC2,wrc-feed,wrc2,"JSON públicos de la página de standings de wrc.com, categoría WRC2"
WRC,2026,WRC3,wrc-feed,wrc3,"JSON públicos de la página de standings de wrc.com, categoría WRC3"
WRC,2026,Junior WRC,wrc-feed,jwrc,"JSON públicos de la página de standings de wrc.com, categoría Junior WRC"
México Racing Cup,2026,Copa TC2000,mexicoracingcup-img,33-copa-tc2000,"Imagen del sitio; se publica la lectura guardada en data/campeonatos/2026/posiciones-imagen/ (decisión 2026-09-27)"
México Racing Cup,2026,Súper Turismos,mexicoracingcup-img,33-super-turismos-1,"Imagen del sitio (tabla Super Turismos 1)"
México Racing Cup,2026,Copa 1.8,mexicoracingcup-img,33-copa-18,"Imagen del sitio; se publica la lectura guardada en data/campeonatos/2026/posiciones-imagen/ (decisión 2026-09-27)"
México Racing Cup,2026,Súper Turismos Light 1,mexicoracingcup-img,33-st-light-1,"Imagen del sitio; se publica la lectura guardada en data/campeonatos/2026/posiciones-imagen/ (decisión 2026-09-27)"
México Racing Cup,2026,Súper Turismos Light 2,mexicoracingcup-img,33-st-light-2,"Imagen del sitio; se publica la lectura guardada en data/campeonatos/2026/posiciones-imagen/ (decisión 2026-09-27)"
México Racing Cup,2026,F4 NACAM,mexicoracingcup-img,33-f4-nacam,"Imagen del sitio; se publica la lectura guardada en data/campeonatos/2026/posiciones-imagen/ (decisión 2026-09-27)"
México Racing Cup,2026,Endurance Challenge,mexicoracingcup-img,33-endurance-challenge,"Imagen del sitio; se publica la lectura guardada en data/campeonatos/2026/posiciones-imagen/ (decisión 2026-09-27)"
México Racing Cup,2026,TCR México,mexicoracingcup-img,33-tcr-mxico,"Imagen del sitio; la primera tabla = Campeonato General (Sprint) (decisión 2026-09-27)"
IndyCar,2026,IndyCar Series,indycar-feed,indycar,"JSON públicos de indycar.com (los de su página de Resultados) + su página de posiciones para el equipo corto y la foto, decisión 2026-09-27"
IndyCar,2026,Indy NXT,indycar-feed,indynxt,"JSON públicos de indynxt.com (mismo sistema que IndyCar), decisión 2026-09-27"
