circuito,archivo,fuente,licencia
americas,americas.png,https://upload.wikimedia.org/wikipedia/commons/2/23/Circuit_of_the_Americas_logo.svg,"Dominio público (PD-textlogo), Wikimedia Commons; marca registrada"
atlanta,atlanta.png,https://www.speedwaymotorsports.com/images/links/eps.png?format=original,"Marca registrada; sitio oficial (kit de logos de Speedway Motorsports, https://www.speedwaymotorsports.com/logos/atlanta/). OJO: es el logo ACTUAL del circuito, renombrado ""EchoPark Speedway"" en 2025"
autodromo_yucatan,autodromo_yucatan.png,"https://graph.facebook.com/AutodromoYucatan/picture?type=large&width=720&height=720 (foto de perfil de https://www.facebook.com/AutodromoYucatan/, página enlazada desde el sitio oficial https://autodromoyucatan.mx/; alternativa con el nombre completo: https://autodromoyucatan.mx/sitefiles/wp-content/uploads/2023/05/autodromo-logo.png, 374×165 px)",Marca registrada; perfil oficial de Facebook
baku,baku.png,https://www.bakucitycircuit.com/images/icon-bcc-white.svg,"Marca registrada; sitio oficial (versión blanca, sobre fondo #1E222B)"
barber,barber.png,"https://upload.wikimedia.org/wikipedia/commons/8/85/Barber_Motorsports_Park_logo.svg (isotipo ""B"" + bandera recortado del logotipo)","Dominio público (PD-textlogo), Wikimedia Commons"
brands_hatch,brands_hatch.png,https://upload.wikimedia.org/wikipedia/commons/c/c5/Logo_Brands_Hatch_Circuit.svg,"Dominio público (PD-textlogo), Wikimedia Commons; marca registrada"
bristol,bristol.png,https://www.speedwaymotorsports.com/images/links/bms.png?format=original,"Marca registrada; sitio oficial (kit de logos de Speedway Motorsports, https://www.speedwaymotorsports.com/logos/bristol/)"
catalunya,catalunya.png,https://www.circuitcat.com/wp-content/uploads/2025/01/Logo_Circuit-1.png,Marca registrada; sitio oficial (isotipo cuadrado oficial del circuito; fondo rojo de marca #C41A20)
charlotte,charlotte.png,https://upload.wikimedia.org/wikipedia/commons/6/67/Charlotte_Motor_Speedway_logo.svg,"Dominio público (PD-textlogo), Wikimedia Commons"
chicagoland,chicagoland.png,https://upload.wikimedia.org/wikipedia/en/e/eb/Chicagoland_Speedway_logo_%282025%29.png,Marca registrada; archivo no libre de Wikipedia (logo 2025; original de 300 px)
darlington,darlington.png,https://upload.wikimedia.org/wikipedia/en/1/1d/Darlington_Raceway.png,Marca registrada; archivo no libre de Wikipedia
daytona,daytona.png,https://upload.wikimedia.org/wikipedia/en/8/8c/Daytona_International_Speedway_logo.png,Marca registrada; archivo no libre de Wikipedia
dover,dover.png,https://www.speedwaymotorsports.com/images/links/dms5.png?format=original,"Marca registrada; sitio oficial (kit de logos de Speedway Motorsports, https://www.speedwaymotorsports.com/logos/dover/)"
fuji,fuji.png,https://upload.wikimedia.org/wikipedia/commons/e/ea/Fuji_International_Speedway_logo.svg,"Dominio público (PD-shape), Wikimedia Commons; marca registrada. Es muy ancho (6.6:1): a 40 px solo se distingue el círculo rojo con la S"
gateway,gateway.png,"https://wwtraceway.com/wp-content/uploads/2024/06/WWTRacewayLogo2024Primary.png (logo 2024, versión apilada)",Marca registrada; sitio oficial
homestead,homestead.png,https://upload.wikimedia.org/wikipedia/en/5/58/Homestead%E2%80%93Miami_Speedway_logo.svg,Marca registrada; archivo no libre de Wikipedia. Solo el isotipo (palmera) recortado del logo oficial: el logotipo completo es muy ancho e ilegible a 40 px
hungaroring,hungaroring.png,https://upload.wikimedia.org/wikipedia/commons/d/d4/Logo_for_Hungaroring.png,"CC BY-SA 4.0, Wikimedia Commons (marca registrada)"
imola,imola.png,"https://www.autodromoimola.it/ (SVG en línea del encabezado; isotipo 'O + trazado' recortado del logo oficial IMOLA, el mismo del favicon https://www.autodromoimola.it/wp-content/uploads/2025/03/cropped-favicon-270x270.png)",Marca registrada; sitio oficial
indianapolis,indianapolis.png,https://upload.wikimedia.org/wikipedia/en/f/fa/Indianapolis_Motor_Speedway_logo.svg,Marca registrada; archivo no libre de Wikipedia
indianapolis_raceway_park,indianapolis_raceway_park.png,https://upload.wikimedia.org/wikipedia/en/1/10/Lucas_Oil_Indianapolis_Raceway_Park_Logo.png,Marca registrada; archivo no libre de Wikipedia
interlagos,interlagos.png,https://upload.wikimedia.org/wikipedia/pt/a/a1/Aut%C3%B3dromo_de_Interlagos_logo.png (original: https://autodromodeinterlagos.com.br/wp-content/uploads/2022/10/marca-interlagos-site-header.png),"Marca registrada; archivo no libre (conteúdo restrito) de Wikipedia en portugués, tomado del sitio oficial. Texto blanco: fondo #1E222B"
iowa,iowa.png,https://upload.wikimedia.org/wikipedia/commons/6/6a/78_Black_Outline.svg,"Dominio público (PD-textlogo), Wikimedia Commons (subido por la cuenta IASpeedway)"
jarama,jarama.png,https://www.jarama.org/jarama/wp-content/uploads/2017/06/logo_JaramaRace@2x.png,Marca registrada; sitio oficial
jeddah_corniche,jeddah_corniche.png,https://upload.wikimedia.org/wikipedia/commons/a/a2/Jeddah_Corniche_Circuit_Logo.svg,"Dominio público (PD-textlogo), Wikimedia Commons; marca registrada"
kansas,kansas.png,https://upload.wikimedia.org/wikipedia/en/8/8c/Kansas_speedway_new_logo.svg,"Marca registrada; archivo no libre de Wikipedia. Solo el isotipo (sol sobre campos, rebranding 2023) recortado del logo oficial: el logotipo completo es muy ancho e ilegible a 40 px"
laguna_seca,laguna_seca.png,"https://upload.wikimedia.org/wikipedia/en/2/29/WeatherTech_Raceway_Laguna_Seca_logo.svg (emblema: silueta del trazado, recortada del logotipo)",Marca registrada; archivo no libre de Wikipedia
las_vegas_speedway,las_vegas_speedway.png,https://www.speedwaymotorsports.com/images/links/lvms.png?format=original,"Marca registrada; sitio oficial (kit de logos de Speedway Motorsports, https://www.speedwaymotorsports.com/logos/lasvegas/)"
le_mans,le_mans.png,https://upload.wikimedia.org/wikipedia/fr/a/a9/Logo-circuit-24-heures-du-mans.jpg,Marca registrada; archivo no libre de Wikipedia (fr) (fondo azul de marca #01193B)
lime_rock,lime_rock.png,https://upload.wikimedia.org/wikipedia/en/c/c8/Lime_Rock_Park_%28logo%29.png,Marca registrada; archivo no libre de Wikipedia
losail,losail.png,https://www.lcsc.qa/themes/custom/lusail/logo.svg,"Marca registrada; sitio oficial (logo vigente 'Lusail International Circuit', cian sobre #1E222B; es muy ancho y a ~40 px se ve como una franja, no hay isotipo)"
madring,madring.png,https://upload.wikimedia.org/wikipedia/commons/2/2a/MADRING_logo.svg,"Dominio público (PD-textlogo), Wikimedia Commons"
martinsville,martinsville.png,https://upload.wikimedia.org/wikipedia/commons/9/9d/Martinsville_Speedway_logo.png,"Dominio público (PD-textlogo), Wikimedia Commons"
miami,miami.png,https://upload.wikimedia.org/wikipedia/en/4/45/Miami_International_Autodrome_Logo.png,Marca registrada; archivo no libre de Wikipedia
michigan,michigan.png,https://upload.wikimedia.org/wikipedia/en/8/85/Michigan_International_Speedway_logo.png (isotipo aislado del logotipo horizontal),Marca registrada; archivo no libre de Wikipedia
mid_ohio,mid_ohio.png,https://www.midohio.com/images/LybReGUy_400x400.png (emblema redondo; el logotipo de Commons es demasiado ancho para 40 px),Marca registrada; sitio oficial
miguel_e_abed,miguel_e_abed.png,https://upload.wikimedia.org/wikipedia/en/c/ce/Miguel_E._Abed_logo.png,Marca registrada; archivo no libre de Wikipedia
milwaukee_mile,milwaukee_mile.png,https://upload.wikimedia.org/wikipedia/en/6/6b/Milwaukee_Mile_logo.jpg,Marca registrada; archivo no libre de Wikipedia
monterrey,monterrey.png,https://upload.wikimedia.org/wikipedia/en/3/32/Aut%C3%B3dromo_Monterrey_logo.jpg,"Marca registrada; archivo no libre de Wikipedia (original de solo 200×119 px, se ve algo suave)"
monza,monza.png,https://www.monzanet.it/wp-content/uploads/2021/07/Logo_Monza_Circuit_2023_White-crop.png,"Marca registrada; sitio oficial (logo 2023 en blanco, sobre fondo #1E222B)"
nashville_superspeedway,nashville_superspeedway.png,https://upload.wikimedia.org/wikipedia/en/5/57/Nashville_SuperSpeedway_Logo_SMI.png (logo vigente; coincide con el encabezado de nashvillesuperspeedway.com),Marca registrada; archivo no libre de Wikipedia
new_hampshire,new_hampshire.png,https://upload.wikimedia.org/wikipedia/en/b/bd/2016_New_Hampshire_Motor_Speedway_logo.png (isotipo aislado del logotipo horizontal 600x93),Marca registrada; archivo no libre de Wikipedia
north_wilkesboro,north_wilkesboro.png,https://www.northwilkesborospeedway.com/images/uploads/logo.png,Marca registrada; sitio oficial
ovalo_aguascalientes,ovalo_aguascalientes.png,https://www.oam.mx/assets/images/oam-logo-web-300x157.png,"Marca registrada; sitio oficial (original de solo 300×157 px, se ve algo suave)"
phoenix,phoenix.png,https://upload.wikimedia.org/wikipedia/en/4/40/Phoenix_Raceway_logo.svg (isotipo recortado del SVG; el circuito lo usa solo como ícono: https://www.phoenixraceway.com/wp-content/uploads/sites/1035/2024/LOGOS/TRACK-LOGOS/cropped-cropped-Fav_icon_White_bg-1-270x270.jpg),Marca registrada; archivo no libre de Wikipedia
pocono,pocono.png,https://www.poconoraceway.com/wp-content/themes/custom-theme/images/pocono-logo.png,Marca registrada; sitio oficial
portland,portland.png,"https://upload.wikimedia.org/wikipedia/en/7/71/Portland_International_Raceway_logo.svg (isotipo ""Pi"" recortado del logotipo)","Dominio público (PD-textlogo), Wikipedia en inglés"
red_bull_ring,red_bull_ring.png,https://upload.wikimedia.org/wikipedia/commons/3/3b/RB_Ring_am_SPG_vec_hor_RGB-pos.png,"CC BY-SA 4.0, Wikimedia Commons (marca registrada)"
richmond,richmond.png,https://upload.wikimedia.org/wikipedia/commons/a/a8/Richmond_Raceway_Logo_%282024%29.jpg (isotipo recortado del logo 2024),"Dominio público (PD-textlogo), Wikimedia Commons; marca registrada"
road_america,road_america.png,https://upload.wikimedia.org/wikipedia/commons/7/71/Road_America_logo.svg,"Dominio público (PD-textlogo), Wikimedia Commons"
rockingham,rockingham.png,https://upload.wikimedia.org/wikipedia/en/7/7b/Rockingham_Speedway_2024_logo.svg,Marca registrada; archivo no libre de Wikipedia
rodriguez,rodriguez.jpg,subido por el usuario en el admin web (2026-09-24),Marca registrada del circuito; archivo proporcionado por el usuario
san_diego_street,san_diego_street.png,"https://upload.wikimedia.org/wikipedia/en/c/c9/Coronado_Street_Course_Logo.png (""Qualcomm Circuit"", nombre comercial del propio circuito)",Marca registrada; archivo no libre de Wikipedia
sepang,sepang.png,https://upload.wikimedia.org/wikipedia/commons/9/91/Petronas_Sepang_International_Circuit_Logo_%282023-now%29.png,"CC BY-SA 4.0, Wikimedia Commons; marca registrada (logo vigente desde oct 2023)"
silverstone,silverstone.png,https://upload.wikimedia.org/wikipedia/commons/2/27/Silverstone_Circuit_logo.png,"Dominio público (PD-textlogo), Wikimedia Commons; marca registrada"
sonoma,sonoma.png,https://upload.wikimedia.org/wikipedia/en/b/b0/Sonoma_Raceway_logo.png (emblema circular recortado del logotipo),Marca registrada; archivo no libre de Wikipedia
spa,spa.png,https://upload.wikimedia.org/wikipedia/commons/0/06/Logo_Circuit_de_Spa_Francorchamps.svg,"Dominio público (PD-textlogo), Wikimedia Commons; marca registrada"
super_ovalo_chiapas,super_ovalo_chiapas.png,https://graph.facebook.com/superovalochiapas/picture?type=large&width=720&height=720 (foto de perfil de la página oficial https://www.facebook.com/superovalochiapas/; la misma marca está en https://www.facebook.com/SuperOvaloChiapasRaceTrack/),Marca registrada; perfil oficial de Facebook
super_ovalo_potosino,super_ovalo_potosino.png,https://graph.facebook.com/SuperOvaloPotosino/picture?type=large&width=720&height=720 (foto de perfil de la página oficial https://www.facebook.com/SuperOvaloPotosino/),Marca registrada; perfil oficial de Facebook. OJO: es la versión de aniversario '43 años' (1983–2026) del logo; reemplazar por la versión estándar si se consigue
suzuka,suzuka.png,https://upload.wikimedia.org/wikipedia/en/a/a4/Suzuka_Circuit_logo_%282022%29.svg,"Marca registrada; archivo no libre de Wikipedia (solo el isotipo del trazado en 8, recortado del SVG del logo 2022 porque el logotipo completo es 11:1 y no se lee a 40 px)"
talladega,talladega.png,https://upload.wikimedia.org/wikipedia/commons/5/52/Talladega_Superspeedway_logo_%28new%29.svg,"Dominio público (PD-logo), Wikimedia Commons; marca registrada"
texas,texas.png,https://upload.wikimedia.org/wikipedia/en/2/26/Texas_Motor_Speedway_logo.svg,Marca registrada; archivo no libre de Wikipedia
watkins_glen,watkins_glen.png,https://upload.wikimedia.org/wikipedia/commons/0/0f/Watkins_Glen_International_logo.svg,"Dominio público (PD-textlogo), Wikimedia Commons"
yas_marina,yas_marina.png,https://www.yasmarinacircuit.com/documents/2642013/2663360/YMC_logo.svg/e35c1312-677b-353b-6a99-063ad44b5c3f,"Marca registrada; sitio oficial (isotipo 'YAS' —el que el circuito usa como favicon— recortado del SVG oficial, blanco sobre #1E222B; el logotipo completo es 10:1 e ilegible a 40 px)"
zandvoort,zandvoort.png,https://upload.wikimedia.org/wikipedia/commons/d/d4/Circuit_Zandvoort_Logo.jpg,"CC BY-SA 4.0, Wikimedia Commons (marca registrada); el JPG traía un 'ajedrez de transparencia' falso (#EEE) que se normalizó a blanco. Es el logo vigente sin el patrocinador de nombre (el del sitio oficial 2025 añade 'MASCOT WORKWEAR')"
