circuito,nombre,longitud_m,curvas,sentido,fuente
aeropuerto_tulum,Óvalo,600,4,Antihorario,"https://www.nascar.mx/2026/04/23/nascar-mexico-series-a-escribir-historia-con-la-tulum-100-fecha-3-de-la-temporada-2026/ ('óvalo de 600 metros, construido en las instalaciones del Aeropuerto Internacional de Tulum'; pista TEMPORAL de dovelas de concreto, solo para la fecha 3 del 26-abr-2026) ; curvas: 4 INFERIDAS (óvalo; https://www.nascar.mx/2026/04/26/eloy-sebastian-falcon-se-llevo-la-victoria-de-la-tulum-100-en-una-espectacular-carrera/ menciona 'la salida de la curva tres'; ninguna fuente da el total) ; sentido antihorario INFERIDO por la convención de óvalos NASCAR (ninguna fuente lo dice) ; sin dibujo: la pista temporal no está en OpenStreetMap (ver pendientes)"
albert_park,Gran Premio,5278,14,Horario,"https://www.formula1.com/en/racing/2026/australia (longitud 5.278 km) ; https://www.f1-fansite.com/f1-circuits/albert-park-circuit/ (14 curvas, sentido horario) ; dibujo: bacinger/f1-circuits (MIT) au-1953 (trazado 2022+, 5271 m)"
americas,Gran Premio,5513,20,Antihorario,https://en.wikipedia.org/wiki/Circuit_of_the_Americas ; sentido: https://www.f1-fansite.com/f1-circuits/circuit-of-the-americas/ (F1 y WEC) ; dibujo: bacinger/f1-circuits (MIT) us-2012
americas,Nacional,3862,17,Antihorario,"https://en.wikipedia.org/wiki/Circuit_of_the_Americas (NASCAR Circuit 2025–present: 2.400 mi, 17 curvas) ; https://www.nascaratcota.com/news/nascar-returns-circuit-americas-feb-march-2026-national-series-schedules-announced.html (Cup y O'Reilly 2026 en el 'National Course' de 17 curvas y 2.4 mi) ; https://www.motorsport.com/nascar-cup/news/cota-nascar-layout-changes-shortcut-turn-6/10699688/ (6A/6B: horquilla a la izquierda alrededor de barrera de llantas tras T6, atajo a T12) ; sentido: el mismo del GP ; dibujo: OpenStreetMap way 1482931764 'COTA Short Track' (© OpenStreetMap contributors, ODbL). OJO: el dibujo mide 3982 m (+3.1% sobre las 2.4 mi redondeadas); coincide con el mapa de Wikimedia File:COTA NASCAR Layout.png y con la descripción de 6A"
arlington,Callejero,4394,14,Horario,https://www.indycar.com/Schedule/2026/Arlington (2.73 mi) ; curvas: https://en.wikipedia.org/wiki/Arlington_Street_Circuit (14) ; sentido: plano https://commons.wikimedia.org/wiki/File:Arlington_GP_Layout.png (flecha en la recta T14–T1 y numeración de curvas) ; sin dibujo (ver pendientes)
atlanta,Óvalo,2478,4,Antihorario,"https://en.wikipedia.org/wiki/Atlanta_Motor_Speedway (quad-oval 1.540 mi; Autotrader 400 = 260 vueltas / 400.4 mi; curvas T1–T4 del diagrama de Wikipedia (el infobox no las lista)) ; https://cf.nascar.com/cacher/2026/1/race_list_basic.json ; sentido antihorario (óvalo NASCAR, coincide con el diagrama de Wikipedia) ; dibujo: OpenStreetMap ways 288853230 (© OpenStreetMap contributors, ODbL) — lazo 2411 m vs 2478 m oficial (-2.7%)"
autodromo_yucatan,Completo,3340,18,Antihorario,"https://www.racingcircuits.info/north-america/mexico/autodromo-yucatan.html ('Full circuit 2017 to date', 2.075 mi / 3.340 km; 18 curvas, T1–T18 en su plano; leído en la copia del Wayback Machine del 2026-07-24) ; https://obras.expansion.mx/construccion/2017/01/18/autodromo-de-yucatan-sera-inaugurado-por-campeon-de-la-f1 (3,340 m, recta principal de 750 m) ; curvas: también https://www.grupoemco.com.mx/property/autodromo-yucatan-funcionando-y-o-terreno-para-desarrollo-premium ('se compone de 18 curvas') ; sentido antihorario: flechas del plano de RacingCircuits (recta principal hacia el sur, T1 al final) y fotos oficiales tomadas desde el edificio de pits, que mira al poniente (https://autodromoyucatan.mx/sitefiles/wp-content/uploads/2023/09/IMG_7483-scaled.jpg e IMG_7482-scaled.jpg: los autos cruzan la meta hacia el sur); OJO: el plano CC0 https://commons.wikimedia.org/wiki/File:Autodromo-Yucatan.png trae la flecha al revés (y su rosa de los vientos invertida) ; largo: el sitio oficial dice '3,5 km +/-' (https://autodromoyucatan.mx/instalacion/) ; NASCAR México no ha publicado trazado para el 17–18 oct, pero el autódromo tiene un solo trazado ; dibujo: OpenStreetMap way 1424004628 (© OpenStreetMap contributors, ODbL) — lazo 3384 m vs 3340 m publicado (+1.3%)"
baku,Gran Premio,6003,20,Antihorario,"https://www.formula1.com/en/racing/2026/azerbaijan (6.003 km) ; https://www.f1-fansite.com/f1-circuits/baku-street-circuit/ (20 curvas, sentido antihorario) ; dibujo: bacinger/f1-circuits (MIT) az-2016 (5941 m)"
barber,Completo,3701,17,Horario,"https://www.indycar.com/Schedule/2026/Barber (2.3 mi, 17 curvas; el circuito publica 2.38 mi) ; sentido: https://en.wikipedia.org/wiki/Barber_Motorsports_Park (""designed to be run clockwise"") ; dibujo: OpenStreetMap ways 237456804 (© OpenStreetMap contributors, ODbL)"
brands_hatch,Gran Premio,3916,9,Horario,"https://en.wikipedia.org/wiki/Brands_Hatch (Grand Prix Circuit 2003–presente: 3.916 km, 9 curvas; mapa File:Brands_Hatch_2003.svg con sentido horario) ; https://www.brandshatch.co.uk/news/2026/jun/23/brands-hatch-to-host-london-eprix-from-202627-season (Fórmula E 2026-27 usará el trazado GP completo con pequeñas modificaciones, sujeto a homologación FIA) ; dibujo: OpenStreetMap ways 4906929, 25804641, 25804653, 25804669, 25804824, 25804846, 25804875, 25804935, 25804993, 25804999, 25805012, 25805047, 25805049, 25805072, 171570161, 171570162, 171570163, 171570164, 171570165, 171570166, 171570167, 171570251, 171570252, 820329314, 820329315 (© OpenStreetMap contributors, ODbL)"
bristol,Óvalo,858,4,Antihorario,"https://en.wikipedia.org/wiki/Bristol_Motor_Speedway (óvalo 0.533 mi, 4 curvas (infobox); Food City 500 = 500 vueltas / 266.5 mi) ; https://cf.nascar.com/cacher/2026/1/race_list_basic.json ; sentido antihorario (óvalo NASCAR, coincide con el diagrama de Wikipedia) ; dibujo: OpenStreetMap ways 116606212 (© OpenStreetMap contributors, ODbL) — lazo 845 m vs 858 m oficial (-1.5%)"
catalunya,Gran Premio,4657,14,Horario,"https://www.formula1.com/en/racing/2026/barcelona-catalunya (4.657 km) ; https://www.fiawec.com/en/race/6-hours-of-barcelona-2026 (4.657 km, 14 curvas: WEC usa el mismo trazado sin chicane) ; https://www.f1-fansite.com/f1-circuits/catalunya-circuit/ (sentido horario) ; dibujo: bacinger/f1-circuits (MIT) es-1991 (configuración 2023+ sin la chicane final, 4662 m)"
charlotte,Óvalo,2414,4,Antihorario,"https://en.wikipedia.org/wiki/Charlotte_Motor_Speedway (quad-oval 1.5 mi, 4 curvas (infobox); Coca-Cola 600 = 400 vueltas / 600 mi y Bank of America 400 (oct.) = 267 vueltas / 400.5 mi → las carreras de 2026 usan el ÓVALO, no el Roval) ; https://cf.nascar.com/cacher/2026/1/race_list_basic.json ; sentido antihorario (óvalo NASCAR, coincide con el diagrama de Wikipedia) ; dibujo: OpenStreetMap ways 116034341, 396483278, 402168709, 402168711, 1052107104 (© OpenStreetMap contributors, ODbL) — lazo 2364 m vs 2414 m oficial (-2.1%); primer vértice en el nodo raceway=start-finish de OSM"
chicagoland,Óvalo,2414,4,Antihorario,"https://en.wikipedia.org/wiki/Chicagoland_Speedway (tri-óvalo 1.5 mi oficial de NASCAR (eero 400 = 267 vueltas / 400 mi; Wikipedia da 1.520 mi medidas), 4 curvas (infobox)) ; https://cf.nascar.com/cacher/2026/1/race_list_basic.json ; sentido antihorario (óvalo NASCAR, coincide con el diagrama de Wikipedia) ; dibujo: OpenStreetMap ways 33119599 (© OpenStreetMap contributors, ODbL) — lazo 2468 m vs 2414 m oficial (+2.2%); vía OSM de baja resolución (31 nodos), forma en D verificada contra el diagrama de Wikipedia"
darlington,Óvalo,2198,4,Antihorario,"https://en.wikipedia.org/wiki/Darlington_Raceway (óvalo 1.366 mi, 4 curvas (infobox); Goodyear 400 = 293 vueltas / 400.24 mi) ; https://cf.nascar.com/cacher/2026/1/race_list_basic.json ; sentido antihorario (óvalo NASCAR, coincide con el diagrama de Wikipedia) ; dibujo: pendiente (candidato OpenStreetMap ways 104277971 (© OpenStreetMap contributors, ODbL) = 2101 m, -4.4% fuera de ±3%)"
daytona,Óvalo,4023,4,Antihorario,"https://en.wikipedia.org/wiki/Daytona_International_Speedway (tri-óvalo 2.5 mi, 4 curvas (infobox); DAYTONA 500 = 200 vueltas / 500 mi y Coke Zero Sugar 400 = 160 vueltas / 400 mi → 2026 solo usa el óvalo) ; https://cf.nascar.com/cacher/2026/1/race_list_basic.json ; sentido antihorario (óvalo NASCAR, coincide con el diagrama de Wikipedia) ; dibujo: OpenStreetMap ways 11371365, 352067004, 352070309, 352070311, 352070316 (© OpenStreetMap contributors, ODbL) — lazo 4016 m vs 4023 m oficial (-0.2%)"
detroit,Callejero,2647,9,Antihorario,"https://www.indycar.com/Schedule/2026/Detroit (1.645 mi, 9 curvas; calles Jefferson, Bates, Atwater, St. Antoine, Franklin, Rivard) ; sentido: plano https://commons.wikimedia.org/wiki/File:TrackMap_Detroit-2023.png (flechas de salida y meta) ; dibujo: OpenStreetMap ways 8732681,8734148,8734150,8740420,8752315,44667419,46380295,59511849,68304728,68309429,90546623,107561927,107606556,107606558,118727178,118727224,119410886,120432126,188307569,219846872,270520094,475334648,507295710,552920202,637351951,672409594,742989462,782534926,782534927,1324281406,1446468572,1446468573 (© OpenStreetMap contributors, ODbL); lazo armado con las calles del trazado oficial (Jefferson Ave, Bates St, Atwater St, St. Antoine St, Franklin St, Rivard St); ubicación de la horquilla de la curva 3 en Jefferson Ave estimada del plano"
dover,Óvalo,1609,4,Antihorario,"https://en.wikipedia.org/wiki/Dover_Motor_Speedway (óvalo 1.000 mi, 4 curvas (infobox); BetRivers 200 = 200 vueltas / 200 mi) ; https://cf.nascar.com/cacher/2026/2/race_list_basic.json ; sentido antihorario (óvalo NASCAR, coincide con el diagrama de Wikipedia) ; dibujo: pendiente (candidato OpenStreetMap ways 350676133 (© OpenStreetMap contributors, ODbL) = 1661 m, +3.2% fuera de ±3%)"
excel_london,Callejero,2086,20,Horario,"https://en.wikipedia.org/wiki/ExCeL_London_Circuit (Formula E Circuit 2023–2026: 2.086 km, 20 curvas; mapa File:London_ePrix_2023.png con flecha de sentido)"
fuji,Gran Premio,4563,16,Horario,"https://en.wikipedia.org/wiki/Fuji_Speedway (configuración actual 2005–) ; sentido: https://www.f1-fansite.com/f1-circuits/fuji-speedway/ ; dibujo: OpenStreetMap way 148622740 (© OpenStreetMap contributors, ODbL)"
gateway,Óvalo,2012,4,Antihorario,"https://www.indycar.com/Schedule/2026/WWTR (Track Length 1.25 Miles; óvalo; las carreras de 2026 de IndyCar y NASCAR usan el óvalo) ; https://en.wikipedia.org/wiki/World_Wide_Technology_Raceway (óvalo 1.250 mi, 4 curvas) ; https://cf.nascar.com/cacher/2026/1/race_list_basic.json (Cup: 300 mi / 240 vueltas = 1.25 mi) ; sentido antihorario (óvalos NASCAR/IndyCar): https://en.wikipedia.org/wiki/Oval_track_racing ; dibujo: OpenStreetMap ways 180008394, 1015873402, 1015873403 (© OpenStreetMap contributors, ODbL); verificado contra imagen satelital Esri World Imagery; 2043 m tras simplificar (+1.5%)"
homestead,Óvalo,2414,4,Antihorario,"https://en.wikipedia.org/wiki/Homestead–Miami_Speedway (óvalo 1.5 mi (infobox); Championship Race = 267 vueltas / 400.5 mi; curvas T1–T4 del diagrama de Wikipedia) ; https://cf.nascar.com/cacher/2026/1/race_list_basic.json ; sentido antihorario (óvalo NASCAR, coincide con el diagrama de Wikipedia) ; dibujo: OpenStreetMap ways 108159182, 1146967009, 1146967010, 1146967011, 1146967012 (© OpenStreetMap contributors, ODbL) — lazo 2417 m vs 2414 m oficial (+0.1%); primer vértice en la vía OSM 541720865 (Start-Finish)"
hungaroring,Gran Premio,4381,14,Horario,"https://www.formula1.com/en/racing/2026/hungary (4.381 km) ; https://www.f1-fansite.com/f1-circuits/hungaroring/ (14 curvas, sentido horario) ; dibujo: bacinger/f1-circuits (MIT) hu-1986 (4373 m)"
imola,Gran Premio,4909,19,Antihorario,"https://www.formula1.com/en/racing/2025/emiliaromagna (4.909 km) ; https://www.f1-fansite.com/f1-circuits/autodromo-enzo-e-dino-ferrari-imola/ (19 curvas, sentido antihorario; el WEC publica 21 curvas: https://www.fiawec.com/en/race/6-hours-of-imola-2026) ; dibujo: bacinger/f1-circuits (MIT) it-1953 (4898 m)"
indianapolis,Mixto,3925,14,Horario,"https://www.indycar.com/Schedule/2026/Indianapolis (2.439 mi, 14 curvas) ; sentido: https://lapmeta.com/en/track/variation/141 y etiqueta OSM road_course=clockwise ; dibujo: OpenStreetMap ways 297115178,588780271,588780307,992135043,1213055864,1213055866 (© OpenStreetMap contributors, ODbL)"
indianapolis,Óvalo,4023,4,Antihorario,"https://www.indycar.com/Schedule/2026/Indianapolis-500 (2.5 mi) ; https://en.wikipedia.org/wiki/Indianapolis_Motor_Speedway (4 curvas) ; sentido: etiqueta OSM oval=anti-clockwise ; dibujo: OpenStreetMap ways 51308226,588780332,588780333,588780334,588780335,588780343,588780345,588780347,588780349,588780351 (© OpenStreetMap contributors, ODbL)"
indianapolis_raceway_park,Óvalo,1104,4,Antihorario,"https://en.wikipedia.org/wiki/Lucas_Oil_Indianapolis_Raceway_Park (óvalo 0.686 mi, 4 curvas) ; https://cf.nascar.com/cacher/2026/3/race_list_basic.json (Truck: 137.2 mi / 200 vueltas = 0.686 mi) ; sentido antihorario (óvalos NASCAR/IndyCar): https://en.wikipedia.org/wiki/Oval_track_racing ; dibujo: pendiente (ver pendientes; lazo verificado de 1060 m fuera de ±3%)"
interlagos,Gran Premio,4309,15,Antihorario,https://en.wikipedia.org/wiki/Interlagos_Circuit ; sentido: https://www.f1-fansite.com/f1-circuits/autodromo-jose-carlos-pace/ (F1 y WEC usan el mismo trazado) ; dibujo: bacinger/f1-circuits (MIT) br-1940
iowa,Óvalo,1408,4,Antihorario,"https://en.wikipedia.org/wiki/Iowa_Speedway (óvalo en D 0.875 mi (medida NASCAR; IndyCar usa 0.894), 4 curvas (infobox); Iowa Corn 350 = 350 vueltas / 306.25 mi) ; https://cf.nascar.com/cacher/2026/1/race_list_basic.json ; sentido antihorario (óvalo NASCAR, coincide con el diagrama de Wikipedia) ; dibujo: OpenStreetMap ways 119238784 (© OpenStreetMap contributors, ODbL) — lazo 1430 m vs 1408 m oficial (+1.6%)"
jarama,Gran Premio,3850,11,Horario,"https://www.jarama.org/el-circuito/trazado-del-circuito (longitud 3,850 m; 11 curvas nombradas: Nuvolari…María de Villota — cuadra con las 14 de FE = 11 + chicana de 3) ; https://www.jarama.org/jarama/wp-content/uploads/2018/03/RELACION_PLANIMETRICA_PISTA.jpg (plano oficial con sentido) ; dibujo: OpenStreetMap ways 15732824, 1558812389 (© OpenStreetMap contributors, ODbL)"
jarama,Fórmula E,3934,14,Horario,"https://www.fiaformulae.com/en/news/1004632 (mapa oficial 2026 Madrid E-Prix: 3934 m, 14 curvas, flecha de sentido; = trazado GP + chicana T12–T14 en la recta) ; https://en.wikipedia.org/wiki/Circuito_del_Jarama ; dibujo: OpenStreetMap ways 15732824, 1558812389 (© OpenStreetMap contributors, ODbL) — trazado GP sin la chicana temporal T12–T14 (no está en OSM)"
jeddah_corniche,Gran Premio,6174,27,Antihorario,"https://en.wikipedia.org/wiki/Jeddah_Corniche_Circuit (Grand Prix Circuit 2021–presente: 6.174 km, 27 curvas; mapa File:Jeddah_Street_Circuit_2021.svg con sentido) ; https://www.formula1.com/en/racing/2025/saudi-arabia ; dibujo: bacinger/f1-circuits (MIT) sa-2021"
jeddah_corniche,Fórmula E,3001,19,Antihorario,"https://en.wikipedia.org/wiki/Jeddah_Corniche_Circuit (Formula E Circuit 2025–presente: 3.001 km, 19 curvas; mapa File:Jeddah_Formula_E_Layout.png con sentido) ; https://www.the-race.com/formula-e/jeddah-f1-track-shortened-formula-e-four-chicanes/ ; dibujo: OpenStreetMap ways 1257884699, 1359884755, 1359884756, 1359884757, 1359884758, 1359884760, 1359884764, 1359884765 (© OpenStreetMap contributors, ODbL)"
kansas,Óvalo,2414,4,Antihorario,"https://en.wikipedia.org/wiki/Kansas_Speedway (tri-óvalo 1.5 mi, 4 curvas (infobox); AdventHealth 400 = 267 vueltas / 400.5 mi) ; https://cf.nascar.com/cacher/2026/1/race_list_basic.json ; sentido antihorario (óvalo NASCAR, coincide con el diagrama de Wikipedia) ; dibujo: OpenStreetMap ways 37552701 (© OpenStreetMap contributors, ODbL) — lazo 2476 m vs 2414 m oficial (+2.6%)"
laguna_seca,Completo,3602,11,Antihorario,"https://www.indycar.com/Schedule/2026/Laguna-Seca (2.238 mi / 3.602 km, 11 curvas) ; sentido: https://lapmeta.com/en/track/variation/2 ; dibujo: OpenStreetMap ways 10464852,1315957502,1315957503,1315957504,1315957505,1315957506,1315957507,1315957508 (© OpenStreetMap contributors, ODbL)"
las_vegas_speedway,Óvalo,2414,4,Antihorario,"https://en.wikipedia.org/wiki/Las_Vegas_Motor_Speedway (tri-óvalo 1.5 mi (infobox); Pennzoil 400 = 267 vueltas / 400.5 mi; curvas T1–T4 del diagrama de Wikipedia) ; https://cf.nascar.com/cacher/2026/1/race_list_basic.json ; sentido antihorario (óvalo NASCAR, coincide con el diagrama de Wikipedia) ; dibujo: OpenStreetMap ways 27545411, 1548033195, 1548033196 (© OpenStreetMap contributors, ODbL) — lazo 2475 m vs 2414 m oficial (+2.5%); primer vértice en el nodo raceway=start-finish de OSM"
le_mans,Completo,13626,38,Horario,"https://www.fiawec.com/en/race/24-hours-of-le-mans-2026 (13.626 km, 38 curvas) ; https://de.wikipedia.org/wiki/Circuit_des_24_Heures (sentido horario: 'wird im Uhrzeigersinn befahren') ; dibujo: OpenStreetMap relación 2126739 'Circuit des 24 Heures du Mans', ways 25245509,34405868,34405892,34405893,34405909,121230938,158840027,158840033,158840041,159588880,159588882,226901626,226901631,226901635,226901639,226901643,226901647,226901650,231829814,231829816,255699444,256130500,256130501,257319131,258242164,624045670,624045671,773623626,773623627,773623628,773623629,1011729891,1011729892,1011729893,1101935455,1101935457,1358131505,1494893860,1505387925,1505387926,1505387929,1505387930,1505387934,1505387935 sin pits (© OpenStreetMap contributors, ODbL) (13604 m)"
lime_rock,Completo,2379,7,Horario,"https://cf.nascar.com/cacher/2026/3/race_list_basic.json (147.8 mi / 100 vueltas = 1.478 mi por vuelta; el circuito y Wikipedia publican 1.53 mi = 2462 m, https://en.wikipedia.org/wiki/Lime_Rock_Park) ; curvas (configuración clásica de 7, sin chicanas) y sentido: https://en.wikipedia.org/wiki/Lime_Rock_Park , https://lapmeta.com/en/track/variation/55 ; dibujo: OpenStreetMap ways 17179697,293189359,293189360,293189363,293189364,293189368,293189369,293189371,293189372,293189374,293189385,293189389,341048663 (© OpenStreetMap contributors, ODbL)"
long_beach,Callejero,3167,11,Horario,"https://www.indycar.com/Schedule/2026/Long-Beach (1.968 mi, 11 curvas) ; sentido: https://lapmeta.com/en/track/variation/263 ; dibujo: OpenStreetMap relation 18052024 'Long Beach Grand Prix Course', ways 13352560,27248456,27248467,125415817,144928364,351202547,375502671,382627473,382627475,397977606,397977607,397980014,397980017,397980021,397980024,397980025,397980026,398028505,398028509,398028511,398028512,398028513,398031742,398031747,398031751,398031755,398031760,398031764,398031769,398031774,398031781,551063704,561149109,561149111,561149112,561149114,561149115,607819368,607819369,659566229,967780507,983179937,1054964326,1054964329,1315971767,1315971769,1315971771,1315971772 (© OpenStreetMap contributors, ODbL)"
losail,Gran Premio,5419,16,Horario,"https://www.formula1.com/en/racing/2026/qatar (5.419 km) ; https://www.f1-fansite.com/f1-circuits/losail-international-circuit-layout-lap-record/ (16 curvas, sentido horario) ; dibujo: bacinger/f1-circuits (MIT) qa-2004 (5420 m)"
madring,Gran Premio,5414,22,Horario,"https://www.formula1.com/en/racing/2026/spain (5.414 km) ; https://www.f1-fansite.com/f1-circuits/madring/ (22 curvas, sentido horario) ; https://en.wikipedia.org/wiki/Madring (5.414 km, 22 curvas) ; dibujo: bacinger/f1-circuits (MIT) es-2026 (5430 m; forma cotejada con el mapa 2026 de Wikimedia Commons 'Madring (2026).svg' y con la vía raceway 1366550177 de OSM: desviación mediana 2 m)"
marina_bay,Gran Premio,4927,19,Antihorario,https://en.wikipedia.org/wiki/Marina_Bay_Street_Circuit (Grand Prix Circuit 2025–present) ; sentido: https://www.f1-fansite.com/f1-circuits/singapore-circuit/ ; dibujo: bacinger/f1-circuits (MIT) sg-2008 (4928 m; configuración 2023+ sin la sección de la Bay Grandstand)
markham,Callejero,3524,12,Horario,"https://www.indycar.com/Schedule/2026/Markham (3.52 km / 2.19 mi, 12 curvas) ; sentido: plano https://commons.wikimedia.org/wiki/File:Streets_of_Markham_Track_Map.png y sentido (oneway) de la vía OSM ; dibujo: OpenStreetMap way 1548558439 'Streets of Markham' (© OpenStreetMap contributors, ODbL)"
martinsville,Óvalo,847,4,Antihorario,"https://en.wikipedia.org/wiki/Martinsville_Speedway (óvalo 0.526 mi, 4 curvas (infobox); Cook Out 400 = 400 vueltas / 210.4 mi) ; https://cf.nascar.com/cacher/2026/1/race_list_basic.json ; sentido antihorario (óvalo NASCAR, coincide con el diagrama de Wikipedia) ; dibujo: OpenStreetMap ways 402168721, 448515177, 448515178 (© OpenStreetMap contributors, ODbL) — lazo 826 m vs 847 m oficial (-2.5%)"
miami,Gran Premio,5412,19,Antihorario,https://en.wikipedia.org/wiki/Miami_International_Autodrome ; sentido: https://www.f1-fansite.com/f1-circuits/miami-international-autodromo-layout-lap-records/ (F1 y F2) ; dibujo: bacinger/f1-circuits (MIT) us-2022
miami,Fórmula E,2320,14,Antihorario,"https://www.fiaformulae.com/en/news/826404 (2.32 km, 14 curvas, primera curva a la derecha; E-Prix 31 ene 2026 en el Miami International Autodrome) ; https://en.wikipedia.org/wiki/Miami_ePrix ('MIA Loop') ; sentido: igual al GP y a las etiquetas oneway de OSM ; dibujo: OpenStreetMap ways 1233165737+1485453197+1485453200+1485453201+1485453202+1485453204+1485454063 (© OpenStreetMap contributors, ODbL)"
michigan,Óvalo,3219,4,Antihorario,"https://en.wikipedia.org/wiki/Michigan_International_Speedway (2.000 mi, óvalo en D) ; https://cf.nascar.com/cacher/2026/1/race_list_basic.json (Cup: 400 mi / 200 vueltas = 2.0 mi) ; sentido antihorario (óvalos NASCAR/IndyCar): https://en.wikipedia.org/wiki/Oval_track_racing ; dibujo: OpenStreetMap way 205025109 (© OpenStreetMap contributors, ODbL); verificado contra imagen satelital Esri World Imagery; 3235 m tras simplificar (+0.5%); inicio en el nodo OSM 2914926225 (raceway=start-finish)"
mid_ohio,Completo,3634,13,Horario,"https://www.indycar.com/Schedule/2026/Mid-Ohio (2.258 mi, 13 curvas) ; sentido: https://en.wikipedia.org/wiki/Mid-Ohio_Sports_Car_Course (""road course run clockwise"") ; dibujo: OpenStreetMap ways 444205375,1315957511,1315957512,1315957513,1315957514,1315957515 (© OpenStreetMap contributors, ODbL) — sin la chicana alterna entre T1 y el Keyhole"
miguel_e_abed,Completo,3363,16,Antihorario,"https://en.wikipedia.org/wiki/Aut%C3%B3dromo_Miguel_E._Abed (International Road Course 2006–: 3.363 km, 16 curvas) ; sentido: flecha del plano https://commons.wikimedia.org/wiki/File:AutodromoMEAPuebla.svg (igual que el óvalo, antihorario) ; dibujo: OpenStreetMap ways 230507598+230507595+230507596+230507597+677361279 (© OpenStreetMap contributors, ODbL) (lazo armado a mano siguiendo el plano)"
miguel_e_abed,Óvalo,2060,4,Antihorario,"https://www.nascar.mx/2026/08/24/asegura-koke-de-la-parra-lugar-en-el-chase-de-challenge-series-con-segundo-lugar-en-puebla/ ('óvalo poblano de dos mil 60 metros'; Puebla 110, fecha 8 de NASCAR México, 23-ago-2026) ; https://en.wikipedia.org/wiki/Aut%C3%B3dromo_Miguel_E._Abed (Oval 2.060 km, 4 curvas; 'counter-clockwise paperclip oval' con rectas de 650 m) ; sentido también por las flechas de 'Oval Course' en https://web.archive.org/web/20251212060434/https://www.racingcircuits.info/north-america/mexico/puebla.html ; dibujo: OpenStreetMap way 230507598 (© OpenStreetMap contributors, ODbL) — lazo 2,053 m vs 2,060 m publicados (−0.3 %)"
miguel_e_abed,Internacional corto,2930,15,Antihorario,"https://mexicoracingcup.com/noticia/6944-Arrancan-las-6-Horas-Mothers-en-Puebla ('circuito poblano de 2,930 metros de distancia con 15 curvas') ; convocatoria de la Copa Notiauto (F4 NACAM) fecha 5 de 2025, 19–20 sep en Puebla, con logo del autódromo https://duncanwebmin.notiauto.com/repository/s/pdf/CONVOCATORIA-F4-F5.pdf (p. 5 'Circuito Internacional Corto': 2,93 km, 15 curvas, plano con curvas 1–15, flecha de sentido y norte) ; Wikipedia da 2.982 km / 15 curvas ('International Short Course/Formula E Circuit', https://en.wikipedia.org/wiki/Aut%C3%B3dromo_Miguel_E._Abed); se usa el dato del organizador y del cronometraje (libretas F10/F11 2026: 'Track Lenght 2.930 Km') ; sentido antihorario: flecha del plano de la convocatoria (recta principal hacia el SSO, igual que el trazado Completo) y flechas de 'International Short Course' en https://web.archive.org/web/20251212060434/https://www.racingcircuits.info/north-america/mexico/puebla.html ; dibujo: OpenStreetMap ways 230507598+230507596+230507595+230507597 (© OpenStreetMap contributors, ODbL) — lazo 2,952 m vs 2,930 m publicados (+0.8 %; −1.0 % vs 2,982)"
miguel_e_abed,NASCAR corto,2590,9,Antihorario,"https://www.nascar.mx/2026/05/12/aga-racing-team-y-alex-de-alba-jr-buscaran-en-puebla-su-primer-triunfo-de-nascar-mexico-series-2026/ ('trazado de 2,590 metros de longitud que combina parte del óvalo con el circuito'; La Poblana 75, fecha 4 de NASCAR México, 17-may-2026; mismo trazado que el 7-jul-2024 y el 13-abr-2025 según https://www.nascar.mx/2025/04/11/se-corre-la-commscope-200-de-nascar-mexico-series-en-el-autodromo-miguel-e-abed/) ; https://en.wikipedia.org/wiki/Aut%C3%B3dromo_Miguel_E._Abed ('Short NASCAR Road Course (2006–present): 2.590 km') ; RECORRIDO NO PUBLICADO (no hay plano): curvas y sentido INFERIDOS — sentido antihorario porque usa las curvas peraltadas del óvalo y todos los trazados de Puebla que las usan (Óvalo, Completo, Internacional corto) corren antihorario; curvas 9 = las 4 del óvalo + 5 del infield central (entrada desde la recta opuesta + T7–T10 de la numeración del Internacional corto) en la hipótesis más consistente con las longitudes (óvalo + infield central = 2,605 m en OSM vs 2,590; y + las eses T1–T3 = 2,845 m vs los 2,840 del 'Long NASCAR Road Course') ; dibujo: PENDIENTE (confirmar el recorrido con NASCAR México o el autódromo; ver PENDIENTES.md)"
milwaukee_mile,Óvalo,1633,4,Antihorario,"https://www.indycar.com/Schedule/2026/Milwaukee-Race2 (Track Length 1.015 Miles) ; https://en.wikipedia.org/wiki/Milwaukee_Mile (1.015 mi, 4 curvas) ; sentido antihorario (óvalos NASCAR/IndyCar): https://en.wikipedia.org/wiki/Oval_track_racing ; dibujo: OpenStreetMap way 107508989 (© OpenStreetMap contributors, ODbL); verificado contra imagen satelital Esri World Imagery; 1662 m tras simplificar (+1.8%)"
monaco,Gran Premio,3337,19,Horario,"https://www.formula1.com/en/racing/2026/monaco (3.337 km) ; https://www.f1-fansite.com/f1-circuits/monaco-circuit/ (19 curvas, sentido horario) ; Fórmula E 2026 corrió en el trazado de GP completo: https://en.wikipedia.org/wiki/2026_Monaco_ePrix ; dibujo: bacinger/f1-circuits (MIT) mc-1929 (3321 m)"
monterrey,Completo,2965,19,Antihorario,"https://www.portalautomotriz.com/noticias/automovilismo/el-autodromo-de-monterrey-ya-esta-listo-para-nascar-mexico ('trazado completo de 2.965 km') ; curvas: https://en.wikipedia.org/wiki/Aut%C3%B3dromo_Monterrey (19; Wikipedia y RacingCircuits dan 3.200 km para el 'Full Circuit') ; sentido: etiquetas oneway de OSM (circuito y pit lane) + descripción de Wikipedia (recta → chicana T1 → horquilla) ; dibujo: OpenStreetMap way 346649664 'Circuito Principal' (© OpenStreetMap contributors, ODbL)"
monza,Gran Premio,5793,11,Horario,"https://www.formula1.com/en/racing/2026/italy (5.793 km) ; https://www.fiawec.com/en/race/6-hours-of-monza-2026 (5.793 km, 11 curvas) ; https://www.f1-fansite.com/f1-circuits/autodromo-nazionale-monza/ (sentido horario) ; dibujo: bacinger/f1-circuits (MIT) it-1922 (5783 m)"
nashville_superspeedway,Óvalo,2140,4,Antihorario,"https://en.wikipedia.org/wiki/Nashville_Superspeedway (1.330 mi, 4 curvas) ; https://www.indycar.com/Schedule/2026/Nashville (Track Length 1.33 Miles) ; https://cf.nascar.com/cacher/2026/1/race_list_basic.json (Cup: 399 mi / 300 vueltas = 1.33 mi) ; sentido antihorario (óvalos NASCAR/IndyCar): https://en.wikipedia.org/wiki/Oval_track_racing ; dibujo: OpenStreetMap way 185563917 (© OpenStreetMap contributors, ODbL); verificado contra imagen satelital Esri World Imagery; 2115 m tras simplificar (-1.2%)"
new_hampshire,Óvalo,1703,4,Antihorario,"https://en.wikipedia.org/wiki/New_Hampshire_Motor_Speedway (1.058 mi, 4 curvas) ; https://cf.nascar.com/cacher/2026/1/race_list_basic.json (Cup: 318.46 mi / 301 vueltas = 1.058 mi) ; sentido antihorario (óvalos NASCAR/IndyCar): https://en.wikipedia.org/wiki/Oval_track_racing ; dibujo: OpenStreetMap ways 60096117, 766389942, 766389943, 766389944, 766389945 (© OpenStreetMap contributors, ODbL); verificado contra imagen satelital Esri World Imagery; 1666 m tras simplificar (-2.2%)"
north_wilkesboro,Óvalo,1006,4,Antihorario,"https://en.wikipedia.org/wiki/North_Wilkesboro_Speedway (0.625 mi, 4 curvas) ; https://cf.nascar.com/cacher/2026/1/race_list_basic.json (Cup: 281.25 mi / 450 vueltas = 0.625 mi) ; sentido antihorario (óvalos NASCAR/IndyCar): https://en.wikipedia.org/wiki/Oval_track_racing ; dibujo: pendiente (ver pendientes; lazo verificado de 845 m fuera de ±3%)"
ovalo_aguascalientes,Óvalo,1408,4,Antihorario,"https://es.wikipedia.org/wiki/%C3%93valo_Aguascalientes_M%C3%A9xico ('La longitud de esta pista es de 1,408 km'; en.wikipedia 0.875 mi) ; https://www.nascar.mx/2026/05/28/alpha-racing-anuncia-debut-de-brian-weber-en-nascar-mexico-series-con-patrocinio-de-crypto-black-gold/ ('óvalo de 7/8 de milla') ; curvas: https://www.nascar.mx/2026/06/03/nascar-mexico-series-entra-en-una-etapa-decisiva-rumbo-al-chase-en-aguascalientes/ ('16° de peralte entre la curva 1, 2, 3 y 4'; igual https://www.nascar.mx/2026/09/22/nascar-mexico-series-comienza-el-chase-en-aguascalientes/). OJO: en.wikipedia pone 3 curvas y es.wikipedia 16 (son los grados de peralte) ; sentido antihorario: flecha del plano https://commons.wikimedia.org/wiki/File:Ovalo_Aguascalientes.png (CC BY-SA 3.0) y convención de óvalos NASCAR ; dibujo: OpenStreetMap way 184905703 (© OpenStreetMap contributors, ODbL), invertido (el way no tiene oneway y estaba en sentido horario) — lazo 1343 m vs 1408 m publicado (-4.6%)"
phoenix,Óvalo,1609,4,Antihorario,"https://www.indycar.com/Schedule/2026/Phoenix (Track Length 1.00 Miles) ; https://cf.nascar.com/cacher/2026/1/race_list_basic.json (Cup: 312 mi / 312 vueltas = 1.0 mi) ; https://en.wikipedia.org/wiki/Phoenix_Raceway (4 curvas; óvalo con dogleg, medido 1.022 mi desde 2011) ; sentido antihorario (óvalos NASCAR/IndyCar): https://en.wikipedia.org/wiki/Oval_track_racing ; dibujo: pendiente (ver pendientes; lazo verificado de 1663 m fuera de ±3%)"
pocono,Óvalo,4023,3,Antihorario,"https://en.wikipedia.org/wiki/Pocono_Raceway (2.500 mi, triángulo de 3 curvas) ; https://cf.nascar.com/cacher/2026/1/race_list_basic.json (Cup: 400 mi / 160 vueltas = 2.5 mi) ; sentido antihorario (óvalos NASCAR/IndyCar): https://en.wikipedia.org/wiki/Oval_track_racing ; dibujo: OpenStreetMap way 109767460 (© OpenStreetMap contributors, ODbL); verificado contra imagen satelital Esri World Imagery; 4058 m tras simplificar (+0.9%)"
portland,Completo,3166,12,Horario,"https://www.indycar.com/Schedule/2026/Portland (1.967 mi, 12 curvas) ; sentido: https://en.wikipedia.org/wiki/Portland_International_Raceway (""runs clockwise"") ; dibujo: OpenStreetMap ways 5529392,1315957509,1315957510 (© OpenStreetMap contributors, ODbL)"
queretaro,Completo,2314,9,Antihorario,"https://es.wikipedia.org/wiki/Aut%C3%B3dromo_de_Quer%C3%A9taro (circuito 2.314 km, 9 curvas) ; sentido: flecha de meta en https://commons.wikimedia.org/wiki/File:Autodromo_de_Queretaro_All_Layouts.png ; dibujo: OpenStreetMap way 320332076 (© OpenStreetMap contributors, ODbL)"
queretaro,Óvalo,1275,4,Antihorario,"https://www.nascar.mx/2026/06/25/nascar-mexico-series-llega-a-queretaro-con-batalla-encendida-rumbo-al-chase/ ('óvalo queretano de 1,275 metros', Ecocentro Expositor; Querétaro 140, fecha 6 de NASCAR México, 27-jun-2026) ; https://es.wikipedia.org/wiki/Aut%C3%B3dromo_de_Quer%C3%A9taro (ficha: óvalo 1,275 m, 4 curvas; el texto dice 1.283 km) ; sentido antihorario: flecha de meta del óvalo en https://commons.wikimedia.org/wiki/File:Autodromo_de_Queretaro_All_Layouts.png (recta de meta, lado sur, hacia el este; mapa de 2025, CC BY-SA 4.0) ; dibujo: OpenStreetMap ways 320332076+320332077 (© OpenStreetMap contributors, ODbL) — lazo 1,300 m vs 1,275 m publicados (+2.0 %; +1.3 % vs 1,283; el Completo del mismo way sale −2.0 %)"
red_bull_ring,Gran Premio,4326,10,Horario,"https://www.formula1.com/en/racing/2026/austria (4.326 km; misma configuración, re-medida desde 2025) ; https://www.f1-fansite.com/f1-circuits/red-bull-ring/ (10 curvas, sentido horario) ; dibujo: bacinger/f1-circuits (MIT) at-1969 (4302 m)"
richmond,Óvalo,1207,4,Antihorario,"https://en.wikipedia.org/wiki/Richmond_Raceway (0.750 mi, óvalo en D, 4 curvas) ; https://cf.nascar.com/cacher/2026/1/race_list_basic.json (Cup: 300 mi / 400 vueltas = 0.75 mi) ; sentido antihorario (óvalos NASCAR/IndyCar): https://en.wikipedia.org/wiki/Oval_track_racing ; dibujo: OpenStreetMap way 452377300 (© OpenStreetMap contributors, ODbL); verificado contra imagen satelital Esri World Imagery; 1177 m tras simplificar (-2.5%)"
road_america,Completo,6460,14,Horario,"https://www.indycar.com/Schedule/2026/Road-America (4.014 mi; el circuito publica 4.048 mi, https://en.wikipedia.org/wiki/Road_America) ; curvas y sentido: https://en.wikipedia.org/wiki/Road_America , https://lapmeta.com/en/track/variation/716 ; dibujo: OpenStreetMap ways 110527567,122090239,122090240,122090243,122090248,122090251,122090252,122090258,122090260,122090263,122090265,122090267,122090268,122090270,122090272,122090275,122090276,122090279,122090282,122090284,122090286,122090289,122090291,122090295,122090297,122090298,122090299 (© OpenStreetMap contributors, ODbL) — con el Kink (T11)"
rockingham,Óvalo,1513,4,Antihorario,"https://en.wikipedia.org/wiki/Rockingham_Speedway (0.940 mi desde 2022; antes 1.017 mi; 4 curvas) ; https://cf.nascar.com/cacher/2026/3/race_list_basic.json (Truck: 188 mi / 200 vueltas = 0.94 mi) ; sentido antihorario (óvalos NASCAR/IndyCar): https://en.wikipedia.org/wiki/Oval_track_racing ; dibujo: OpenStreetMap way 245545526 (© OpenStreetMap contributors, ODbL); verificado contra imagen satelital Esri World Imagery; 1558 m tras simplificar (+3.0%)"
rodriguez,Gran Premio,4304,17,Horario,"https://www.formula1.com/en/racing/2026/mexico ; curvas T1–T17 y sentido: plano oficial ""Marshal Posts"" GP Ciudad de México 2026 (OMDAI)"
rodriguez,Fórmula E,2608,16,Horario,"https://www.fiaformulae.com/en/news/823702 (2.608 km, 16 curvas; temporada 12 sin la chicana tras T8) ; https://en.wikipedia.org/wiki/Aut%C3%B3dromo_Hermanos_Rodr%C3%ADguez (el trazado de FE corre en sentido horario, a diferencia del óvalo) ; dibujo: OpenStreetMap ways 772755821+772754606+772754609+772754604+772754608+1128592398+1128592396+772755824+823823141+823823139+772755822 (© OpenStreetMap contributors, ODbL)"
rodriguez,Nacional,3850,10,Horario,"https://mexicoracingcup.com/noticia/5756-Arranca-la-Endurance-500-en-el-AHR ('Circuito Nacional del AHR de 3,850 metros') ; plano de configuraciones del autódromo https://web.archive.org/web/20230110192007/http://www.autodromohr.com/static/wp/circuito.php ('Circuito Nacional', 3.850 km: el Gran Premio sin la sección del estadio —Peraltada completa— y sin la horquilla T4–T6, que se corta por el enlace del fondo) ; curvas T1–T10 y sentido (bandera de salida hacia el este = horario): mapa de la portada de la libreta oficial de HIGH TECH https://duncanwebmin.notiauto.com/repository/s/pdf/F5-26-C18-Libreta-de-Resultados.pdf (Speed Fest, 1–2 may 2026; el mismo mapa numerado sale en las libretas del 25-jul y 14–15-ago); sentido también por la flecha de 'National Circuit' en https://web.archive.org/web/20250116112905/https://www.racingcircuits.info/north-america/mexico/mexico-city.html ; dibujo: OpenStreetMap ways 772755821+1313598528+772754605+638491478+772754608+1128592398+1128592396+605367312+772755822 (© OpenStreetMap contributors, ODbL) — lazo 3,837 m vs 3,850 m publicados (−0.3 %)"
rodriguez,Óvalo con Estadio,1665,7,Horario,"https://mexicoracingcup.com/noticia/4927-Mxico-Racing-Cup-arranca-el-ano-con-el-Gran-Premio-Vctor-Jimnez ('Circuito Óvalo con Estadio GNP de 1,665 metros') ; plano de configuraciones del autódromo https://web.archive.org/web/20230110192007/http://www.autodromohr.com/static/wp/circuito.php ('Circuito Óvalo con Foro Sol', 1.665 km: recta principal + Curva Plana + Recta del Óvalo + estadio + final de la Peraltada) ; sentido HORARIO (no antihorario como el óvalo simple): flechas del mapa 'Oval Circuit with Foro Sol' en https://web.archive.org/web/20250116112905/https://www.racingcircuits.info/north-america/mexico/mexico-city.html (recta principal hacia el este y entrada al estadio hacia el norte, como en el Gran Premio; la sección del estadio está hecha para entrar desde la Recta del Óvalo y salir a media Peraltada); la silueta de la libreta oficial https://duncanwebmin.notiauto.com/repository/s/pdf/Libreta-Resultados-Fecha-1-2026.pdf confirma el recorrido pero no trae flecha ; curvas: 7 INFERIDAS (no publicadas) = Curva Plana + T12–T17 de la numeración del Gran Premio en el mapa de la libreta HIGH TECH https://duncanwebmin.notiauto.com/repository/s/pdf/F4-26-TC2000-Libreta-de-Resultados.pdf (estadio y final de la Peraltada) ; dibujo: OpenStreetMap ways 772755821+772754606+772754609+823823138+772754607+772754608+1128592398+1128592396+772755824+823823141+823823140 (© OpenStreetMap contributors, ODbL) — lazo 1,676 m vs 1,665 m publicados (+0.7 %)"
san_diego_street,Callejero,5472,16,Antihorario,"https://www.nascar.com/news-media/2025/10/21/san-diego-race-course-revealed-for-naval-base-coronado/ (3.4 mi, 16 curvas; T1 derecha, T2–T3 y T5 izquierdas) ; https://cf.nascar.com/cacher/2026/1/race_list_basic.json (255 mi / 75 vueltas) ; plano https://commons.wikimedia.org/wiki/File:Coronado_Street_Course_2026.png ; sin dibujo (ver pendientes)"
sanya_street,Callejero,2520,12,Antihorario,"https://www.fiaformulae.com/en/news/1073161 (mapa oficial 2026 Sanya E-Prix: 2520 m, 12 curvas; 'las tres primeras curvas son a la izquierda') ; https://en.wikipedia.org/wiki/Sanya_Street_Circuit"
sao_paulo_street,Callejero,2933,11,Horario,"https://en.wikipedia.org/wiki/S%C3%A3o_Paulo_Street_Circuit (Formula E Circuit 2023–presente: 2.933 km, 11 curvas; mapa File:Sao_Paulo_Eprix_track.png con sentido) ; dibujo: OpenStreetMap ways 1156213044, 1448306548, 1448306549 (© OpenStreetMap contributors, ODbL)"
sepang,Gran Premio,5543,15,Horario,https://en.wikipedia.org/wiki/Sepang_International_Circuit ; sentido: https://www.f1-fansite.com/f1-circuits/sepang-circuit-kuala-lumpur-malaysia/ ; dibujo: bacinger/f1-circuits (MIT) my-1999
shanghai,Gran Premio,5451,16,Horario,https://en.wikipedia.org/wiki/Shanghai_International_Circuit ; sentido: https://www.f1-fansite.com/f1-circuits/shanghai-international-circuit/ ; dibujo: bacinger/f1-circuits (MIT) cn-2004
shanghai,Fórmula E,3051,12,Horario,"https://en.wikipedia.org/wiki/2026_Shanghai_ePrix (3.051 km) ; https://global.nissannews.com/en/releases/nissan-formula-e-team-heads-to-shanghai-for-series-second-china-stop (12 curvas, 3.051 km) ; https://www.fiaformulae.com/en/news/1075526 (sentido horario, versión recortada del GP) ; https://www.the-race.com/formula-e/formula-e-shanghai-track-layout-f1-circuit-conversion/ (corta en T9 hacia la recta principal con chicana) ; dibujo: OpenStreetMap ways 156328670+156328684 (© OpenStreetMap contributors, ODbL)"
silverstone,Gran Premio,5891,18,Horario,"https://www.formula1.com/en/racing/2026/great-britain (5.891 km) ; https://www.f1-fansite.com/f1-circuits/silverstone-circuit/ (18 curvas, sentido horario) ; dibujo: bacinger/f1-circuits (MIT) gb-1948 (Arena GP 2011+, 5877 m)"
sonoma,Chute,3203,10,Horario,"https://www.nascar.com/news-media/2026/06/25/preview-round-1-of-the-2026-in-season-challenge-at-sonoma-raceway/ (1.99 mi, 10 curvas, ""chute configuration"") ; https://www.sonomaraceway.com/media/ (""1.99-mile Road Course (Chute)"" vs ""2.52-mile Road Course (Carousel)"") ; sentido: https://lapmeta.com/en/track/variation/477 ; dibujo: OpenStreetMap ways 116036857,230287122,505453048,834724050,834728156,913592144,1494191149 (© OpenStreetMap contributors, ODbL)"
spa,Gran Premio,7004,19,Horario,"https://www.formula1.com/en/racing/2026/belgium (7.004 km) ; https://www.f1-fansite.com/f1-circuits/spa-francorchamps-circuit/ (19 curvas, sentido horario; el WEC publica 20: https://www.fiawec.com/en/race/totalenergies-6-hours-of-spa-francorchamps-2026) ; dibujo: bacinger/f1-circuits (MIT) be-1925 (6978 m; verificado contra las vías raceway de OSM: desviación ≤3 m, sin el tramo 'Moto layout')"
st_petersburg,Callejero,2897,14,Horario,"https://www.indycar.com/Schedule/2026/St-Petersburg (1.8 mi, 14 curvas: 5 izq. y 9 der.) ; sentido: plano https://commons.wikimedia.org/wiki/File:St._Petersburg_street_%26_airport_racing_circuit.svg (recta de la pista del aeropuerto hacia el oeste) ; dibujo: OpenStreetMap relation 8668325 'Grand Prix of Saint Petersburg Raceway', ways 480523720,512696306 (© OpenStreetMap contributors, ODbL)"
super_ovalo_chiapas,Óvalo,1200,4,Antihorario,"https://www.nascar.mx/2026/03/26/nascar-mexico-series-arriba-a-chiapas-con-la-segunda-fecha-de-la-temporada-2026/ ('óvalo de 1,200 metros', 'forma en D'; Wikipedia da 1.21 km / 0.75 mi) ; curvas: 4 por la numeración estándar de un óvalo — ninguna fuente da el total; se nombran la 'curva 2' (https://www.nascar.mx/2026/03/10/se-presento-en-chiapas-la-segunda-fecha-de-nascar-mexico/) y 'turn 2'/'turn 3' (https://en.wikipedia.org/wiki/Aut%C3%B3dromo_Chiapas) ; sentido: https://es.wikipedia.org/wiki/S%C3%BAper_%C3%93valo_Chiapas ('se ejecuta en sentido contrario a las agujas del reloj'; igual en.wikipedia 'run counter-clockwise') y oneway=yes del way de OSM ; dibujo: OpenStreetMap way 677361297 (© OpenStreetMap contributors, ODbL) — lazo 1235 m vs 1200 m publicado (+2.9%; +2.1% contra 1.21 km)"
super_ovalo_potosino,Óvalo,804,4,Antihorario,"https://www.nascar.mx/2026/07/26/tovar-regresa-a-san-luis-con-el-objetivo-de-sumar-para-ingresar-al-chase/ ('media milla de longitud (804 metros)') ; https://en.wikipedia.org/wiki/Super_%C3%93valo_Potosino (óvalo 2005–: 0.804 km / 0.500 mi, 4 curvas (infobox)) ; sentido antihorario: etiquetas oneway=yes de los 4 ways de OSM, encadenados Front Stretch → Turns 1 & 2 → Back Stretch → Turns 3 & 4; es además la convención de todo óvalo NASCAR (ninguna fuente escrita lo dice) ; dibujo: OpenStreetMap ways 731117521, 731117519, 731117522, 731117520 (© OpenStreetMap contributors, ODbL) — lazo 782 m vs 804 m publicado (-2.7%)"
suzuka,Gran Premio,5807,18,Horario,https://en.wikipedia.org/wiki/Suzuka_International_Racing_Course ; sentido: https://www.f1-fansite.com/f1-circuits/suzuka-circuit/ (trazado en 8; orientation() del lazo en sentido de carrera = Horario) ; dibujo: bacinger/f1-circuits (MIT) jp-1962
talladega,Óvalo,4281,4,Antihorario,"https://en.wikipedia.org/wiki/Talladega_Superspeedway (2.660 mi, tri-óvalo, 4 curvas) ; https://cf.nascar.com/cacher/2026/1/race_list_basic.json (Cup: 500.08 mi / 188 vueltas = 2.66 mi) ; sentido antihorario (óvalos NASCAR/IndyCar): https://en.wikipedia.org/wiki/Oval_track_racing ; dibujo: OpenStreetMap ways 8835825, 426163859, 426163860, 532106116 (© OpenStreetMap contributors, ODbL); verificado contra imagen satelital Esri World Imagery; 4308 m tras simplificar (+0.6%)"
tempelhof,Callejero,2343,15,Antihorario,"https://en.wikipedia.org/wiki/Tempelhof_Airport_Street_Circuit (Formula E Circuit 2024–presente: 2.343 km, 15 curvas) ; https://www.fiaformulae.com/en/news/1060729 (mapa oficial 2026 Berlin E-Prix: 15 curvas, flechas de sentido en la recta)"
texas,Óvalo,2414,4,Antihorario,"https://en.wikipedia.org/wiki/Texas_Motor_Speedway (quad-óvalo, 4 curvas; nominal 1.5 mi, medido 1.44 mi) ; https://cf.nascar.com/cacher/2026/1/race_list_basic.json (Cup: 400.5 mi / 267 vueltas = 1.5 mi) ; sentido antihorario (óvalos NASCAR/IndyCar): https://en.wikipedia.org/wiki/Oval_track_racing ; dibujo: OpenStreetMap ways 104503520, 261968502, 261968503, 261968504, 261968505, 489172062, 489172989 (© OpenStreetMap contributors, ODbL); verificado contra imagen satelital Esri World Imagery; 2381 m tras simplificar (-1.4%)"
tokyo_street,Callejero,2575,18,Antihorario,"https://www.fiaformulae.com/en/news/1079181 ('18-turn, 2.575km street track', 'The anti-clockwise circuit') ; https://en.wikipedia.org/wiki/Tokyo_Street_Circuit"
vegas,Gran Premio,6201,17,Antihorario,"https://en.wikipedia.org/wiki/Las_Vegas_Strip_Circuit ('runs counterclockwise', 17 curvas) ; https://www.f1-fansite.com/f1-circuits/las-vegas-strip-circuit/ ; dibujo: bacinger/f1-circuits (MIT) us-2023"
villeneuve,Gran Premio,4361,14,Horario,https://en.wikipedia.org/wiki/Circuit_Gilles_Villeneuve ; sentido: https://www.f1-fansite.com/f1-circuits/circuit-gilles-villeneuve/ ; dibujo: bacinger/f1-circuits (MIT) ca-1978
washington_dc,Callejero,2736,7,Antihorario,"https://www.indycar.com/Schedule/2026/Washington-DC (1.7 mi) ; curvas: https://www.motorsport.com/indycar/news/washington-dc-indycar-race-track-layout-and-event-logo-revealed/10803772/ (7) ; sentido: plano oficial https://www.freedom250gp.com/-/media/DC/PDF/2026/trackmapPDF.pdf (T1 3rd St/Pennsylvania → T2 9th St) ; dibujo: OpenStreetMap ways 6055099,6055608,6057751,6062971,45838765,45838768,50513886,50519367,297212174,297268567,297273916,297285722,297368443,345632497,397321697,397321705,397321709,397324965,397324966,435137396,468450579,468495087,494175930,520331082,589551092,696737832,910190955,927598885,927598886,927598887,1012419187,1320813861,1364823819,1466662583 (© OpenStreetMap contributors, ODbL); lazo armado con las calles del plano oficial (Pennsylvania Ave NW, 9th St NW, Constitution Ave NW, 7th St, Independence Ave SW, Maryland Ave SW, 3rd St)"
watkins_glen,Corto,3943,7,Horario,"https://www.nascar.com/news-media/2019/07/31/watkins-glen-101-track-details-rules-tv-times/ (2.45 mi, 7 curvas) ; https://cf.nascar.com/cacher/2026/1/race_list_basic.json (245 mi / 100 vueltas) ; sentido: https://lapmeta.com/en/track/variation/225 ; dibujo: OpenStreetMap ways 20163576,293208056,293208060,293208062,293208063,293208064,293208065,293208067,293208070,293208074,293208075,428026652 (© OpenStreetMap contributors, ODbL) — Short Circuit con Inner Loop, sin el Boot"
yas_marina,Gran Premio,5281,16,Antihorario,"https://www.formula1.com/en/racing/2026/united-arab-emirates (5.281 km) ; https://www.f1-fansite.com/f1-circuits/yas-marina-circuit/ (16 curvas, sentido antihorario) ; dibujo: bacinger/f1-circuits (MIT) ae-2009 (trazado 2021+, 5291 m)"
zandvoort,Gran Premio,4259,14,Horario,"https://www.formula1.com/en/racing/2026/netherlands (4.259 km) ; https://www.f1-fansite.com/f1-circuits/circuit-zandvoort-layout-records/ (14 curvas, sentido horario) ; dibujo: bacinger/f1-circuits (MIT) nl-1948 (trazado 2020+ con peraltes, 4255 m)"
